{
  "theta": 1.3915482552464113,
  "phi": 3.217610837194917,
  "x0": -48.26759961112816,
  "y0": 414.5151811619917,
  "z0": -482.1601183177911,
  "t0": 10963.681899236193,
  "speed": 0.299792458,
  "time": "2023-04-05 13:20:20.046",
  "alerttype":  "bronze",
  "runid": 137806,
  "eventid": 8756840
}
